page,headers
7,"WATER,PROTCNT,ASH,FATCE,FIBTG,FIBINS,FIBSOL,CHOAVLDF,ENERC"
10,"WATER,PROTCNT,ASH,FATCE,FIBTG,FIBINS,FIBSOL,CHOAVLDF,ENERC"
11,"THIA,RIBF,NIA,PANTAC,VITB6C,BIOT,FOLSUM,VITC"
12,"THIA,RIBF,NIA,PANTAC,VITB6C,BIOT,FOLSUM,VITC"
13,"WATER,PROTCNT,ASH,FATCE,FIBTG,FIBINS,FIBSOL,CHOAVLDF,ENERC"
14,"WATER,PROTCNT,ASH,FATCE,FIBTG,FIBINS,FIBSOL,CHOAVLDF,ENERC"
15,"WATER,PROTCNT,ASH,FATCE,FIBTG,FIBINS,FIBSOL,CHOAVLDF,ENERC"
20,"WATER,PROTCNT,ASH,FATCE,FIBTG,FIBINS,FIBSOL,CHOAVLDF,ENERC"
24,"CA,FE,ZN,NA,K,P,MG"
25,"CA,FE,ZN,NA,K,P,MG"
27,"THIA,RIBF,NIA,PANTAC,VITB6C,BIOT,FOLSUM,VITC"
28,"THIA,RIBF,NIA,PANTAC,VITB6C,BIOT,FOLSUM,VITC"
41,"WATER,PROTCNT,ASH,FATCE,FIBTG,FIBINS,FIBSOL,CHOAVLDF,ENERC"
42,"WATER,PROTCNT,ASH,FATCE,FIBTG,FIBINS,FIBSOL,CHOAVLDF,ENERC"
43,"WATER,PROTCNT,ASH,FATCE,FIBTG,FIBINS,FIBSOL,CHOAVLDF,ENERC"
44,"WATER,PROTCNT,ASH,FATCE,FIBTG,FIBINS,FIBSOL,CHOAVLDF,ENERC"
45,"WATER,PROTCNT,ASH,FATCE,FIBTG,FIBINS,FIBSOL,CHOAVLDF,ENERC"
46,"WATER,PROTCNT,ASH,FATCE,FIBTG,FIBINS,FIBSOL,CHOAVLDF,ENERC"
47,"WATER,PROTCNT,ASH,FATCE,FIBTG,FIBINS,FIBSOL,CHOAVLDF,ENERC"
48,"WATER,PROTCNT,ASH,FATCE,FIBTG,FIBINS,FIBSOL,CHOAVLDF,ENERC"
49,"WATER,PROTCNT,ASH,FATCE,FIBTG,FIBINS,FIBSOL,CHOAVLDF,ENERC"
50,"WATER,PROTCNT,ASH,FATCE,FIBTG,FIBINS,FIBSOL,CHOAVLDF,ENERC"
51,"WATER,PROTCNT,ASH,FATCE,FIBTG,FIBINS,FIBSOL,CHOAVLDF,ENERC"
52,"WATER,PROTCNT,ASH,FATCE,FIBTG,FIBINS,FIBSOL,CHOAVLDF,ENERC"
53,"WATER,PROTCNT,ASH,FATCE,FIBTG,FIBINS,FIBSOL,CHOAVLDF,ENERC"
54,"WATER,PROTCNT,ASH,FATCE,FIBTG,FIBINS,FIBSOL,CHOAVLDF,ENERC"
55,"WATER,PROTCNT,ASH,FATCE,FIBTG,FIBINS,FIBSOL,CHOAVLDF,ENERC"
56,"WATER,PROTCNT,ASH,FATCE,FIBTG,FIBINS,FIBSOL,CHOAVLDF,ENERC"
57,"WATER,PROTCNT,ASH,FATCE,FIBTG,FIBINS,FIBSOL,CHOAVLDF,ENERC"
58,"WATER,PROTCNT,ASH,FATCE,ENERC"
59,"WATER,PROTCNT,ASH,FATCE,ENERC"
60,"WATER,PROTCNT,ASH,FATCE,ENERC"
61,"WATER,PROTCNT,ASH,FATCE,ENERC"
62,"WATER,PROTCNT,ASH,FATCE,ENERC"
63,"WATER,PROTCNT,ASH,FATCE,ENERC"
64,"WATER,PROTCNT,ASH,FATCE,ENERC"
65,"WATER,PROTCNT,ASH,FATCE,ENERC"
66,"WATER,PROTCNT,ASH,FATCE,ENERC"
67,"WATER,PROTCNT,ASH,FATCE,ENERC"
68,"WATER,PROTCNT,ASH,FATCE,ENERC"
69,"THIA,RIBF,NIA,PANTAC,VITB6C,BIOT,FOLSUM,VITC"
71,"THIA,RIBF,NIA,PANTAC,VITB6C,BIOT,FOLSUM,VITC"
72,"THIA,RIBF,NIA,PANTAC,VITB6C,BIOT,FOLSUM,VITC"
73,"THIA,RIBF,NIA,PANTAC,VITB6C,BIOT,FOLSUM,VITC"
74,"THIA,RIBF,NIA,PANTAC,VITB6C,BIOT,FOLSUM,VITC"
75,"THIA,RIBF,NIA,PANTAC,VITB6C,BIOT,FOLSUM,VITC"
76,"THIA,RIBF,NIA,PANTAC,VITB6C,BIOT,FOLSUM,VITC"
77,"THIA,RIBF,NIA,PANTAC,VITB6C,BIOT,FOLSUM,VITC"
78,"THIA,RIBF,NIA,PANTAC,VITB6C,BIOT,FOLSUM,VITC"
79,"THIA,RIBF,NIA,PANTAC,VITB6C,BIOT,FOLSUM,VITC"
80,"THIA,RIBF,NIA,PANTAC,VITB6C,BIOT,FOLSUM,VITC"
81,"THIA,RIBF,NIA,PANTAC,VITB6C,BIOT,FOLSUM,VITC"
82,"THIA,RIBF,NIA,PANTAC,VITB6C,BIOT,FOLSUM,VITC"
83,"THIA,RIBF,NIA,PANTAC,VITB6C,BIOT,FOLSUM,VITC"
84,"THIA,RIBF,NIA,PANTAC,VITB6C,BIOT,FOLSUM,VITC"
85,"THIA,RIBF,NIA,PANTAC,VITB6C,BIOT,FOLSUM,VITC"
86,"THIA,RIBF,NIA,PANTAC,VITB6C,BIOT,FOLSUM,VITC"
87,"THIA,RIBF,NIA,PANTAC,VITB6C,BIOT,FOLSUM,VITC"
88,"THIA,RIBF,NIA,PANTAC,VITB6A,BIOT,FOLSUM"
89,"THIA,RIBF,NIA,PANTAC,VITB6A,BIOT,FOLSUM"
90,"THIA,RIBF,NIA,PANTAC,VITB6A,FOLSUM"
91,"THIA,RIBF,NIA,PANTAC,VITB6A,FOLSUM"
92,"THIA,RIBF,NIA,PANTAC,VITB6A,FOLSUM"
93,"THIA,RIBF,NIA,PANTAC,VITB6A,FOLSUM"
94,"THIA,RIBF,NIA,PANTAC,VITB6A,FOLSUM"
95,"THIA,RIBF,NIA,PANTAC,VITB6A,FOLSUM"
96,"THIA,RIBF,NIA,PANTAC,VITB6A,FOLSUM"
97,"THIA,RIBF,NIA,PANTAC,VITB6A,FOLSUM"
98,"THIA,RIBF,NIA,PANTAC,VITB6A,FOLSUM"
101,"ERGCAL,TOCPHA,TOCPHB,TOCPHG,TOCPHD,TOCTRA,TOCTRB,TOCTRG,TOCTRD,VITE,VITK1"
102,"ERGCAL,TOCPHA,TOCPHB,TOCPHG,TOCPHD,TOCTRA,TOCTRB,TOCTRG,TOCTRD,VITE,VITK1"
103,"ERGCAL,TOCPHA,TOCPHB,TOCPHG,TOCPHD,TOCTRA,TOCTRB,TOCTRG,TOCTRD,VITE,VITK1"
104,"ERGCAL,TOCPHA,TOCPHB,TOCPHG,TOCPHD,TOCTRA,TOCTRB,TOCTRG,TOCTRD,VITE,VITK1"
105,"ERGCAL,TOCPHA,TOCPHB,TOCPHG,TOCPHD,TOCTRA,TOCTRB,TOCTRG,TOCTRD,VITE,VITK1"
106,"ERGCAL,TOCPHA,TOCPHB,TOCPHG,TOCPHD,TOCTRA,TOCTRB,TOCTRG,TOCTRD,VITE,VITK1"
107,"ERGCAL,TOCPHA,TOCPHB,TOCPHG,TOCPHD,TOCTRA,TOCTRB,TOCTRG,TOCTRD,VITE,VITK1"
108,"ERGCAL,TOCPHA,TOCPHB,TOCPHG,TOCPHD,TOCTRA,TOCTRB,TOCTRG,TOCTRD,VITE,VITK1"
109,"ERGCAL,TOCPHA,TOCPHB,TOCPHG,TOCPHD,TOCTRA,TOCTRB,TOCTRG,TOCTRD,VITE,VITK1"
110,"ERGCAL,TOCPHA,TOCPHB,TOCPHG,TOCPHD,TOCTRA,TOCTRB,TOCTRG,TOCTRD,VITE,VITK1"
111,"ERGCAL,TOCPHA,TOCPHB,TOCPHG,TOCPHD,TOCTRA,TOCTRB,TOCTRG,TOCTRD,VITE,VITK1"
112,"ERGCAL,TOCPHA,TOCPHB,TOCPHG,TOCPHD,TOCTRA,TOCTRB,TOCTRG,TOCTRD,VITE,VITK1"
113,"ERGCAL,TOCPHA,TOCPHB,TOCPHG,TOCPHD,TOCTRA,TOCTRB,TOCTRG,TOCTRD,VITE,VITK1"
114,"ERGCAL,TOCPHA,TOCPHB,TOCPHG,TOCPHD,TOCTRA,TOCTRB,TOCTRG,TOCTRD,VITE,VITK1"
115,"ERGCAL,TOCPHA,TOCPHB,TOCPHG,TOCPHD,TOCTRA,TOCTRB,TOCTRG,TOCTRD,VITE,VITK1"
116,"ERGCAL,TOCPHA,TOCPHB,TOCPHG,TOCPHD,TOCTRA,TOCTRB,TOCTRG,TOCTRD,VITE,VITK1"
117,"RETOL,CHOCAL,TOCPHA,TOCPHB,TOCPHG,TOCPHD,TOCTRA,TOCTRB,TOCTRG,TOCTRD,VITE,VITK2"
118,"RETOL,CHOCAL,TOCPHA,TOCPHB,TOCPHG,TOCPHD,TOCTRA,TOCTRB,TOCTRG,TOCTRD,VITE,VITK2"
119,"RETOL,CHOCAL,TOCPHA,TOCPHB,TOCPHG,TOCPHD,TOCTRA,TOCTRB,TOCTRG,TOCTRD,VITE,VITK2"
120,"RETOL,CHOCAL,TOCPHA,TOCPHB,TOCPHG,TOCPHD,TOCTRA,TOCTRB,TOCTRG,TOCTRD,VITE,VITK2"
121,"RETOL,CHOCAL,TOCPHA,TOCPHB,TOCPHG,TOCPHD,TOCTRA,TOCTRB,TOCTRG,TOCTRD,VITE,VITK2"
122,"RETOL,CHOCAL,TOCPHA,TOCPHB,TOCPHG,TOCPHD,TOCTRA,TOCTRB,TOCTRG,TOCTRD,VITE,VITK2"
123,"RETOL,CHOCAL,TOCPHA,TOCPHB,TOCPHG,TOCPHD,TOCTRA,TOCTRB,TOCTRG,TOCTRD,VITE,VITK2"
124,"RETOL,CHOCAL,TOCPHA,TOCPHB,TOCPHG,TOCPHD,TOCTRA,TOCTRB,TOCTRG,TOCTRD,VITE,VITK2"
125,"RETOL,CHOCAL,TOCPHA,TOCPHB,TOCPHG,TOCPHD,TOCTRA,TOCTRB,TOCTRG,TOCTRD,VITE,VITK2"
126,"RETOL,CHOCAL,TOCPHA,TOCPHB,TOCPHG,TOCPHD,TOCTRA,TOCTRB,TOCTRG,TOCTRD,VITE,VITK2"
127,"RETOL,CHOCAL,TOCPHA,TOCPHB,TOCPHG,TOCPHD,TOCTRA,TOCTRB,TOCTRG,TOCTRD,VITE,VITK2"
128,"RETOL,CHOCAL,TOCPHA,TOCPHB,TOCPHG,TOCPHD,TOCTRA,TOCTRB,TOCTRG,TOCTRD,VITE,VITK2"
131,"LUTN,ZEA,LYCPN,CRYPXB,CARTG,CARTA,CARTB,CARTOID"
132,"LUTN,ZEA,LYCPN,CRYPXB,CARTG,CARTA,CARTB,CARTOID"
133,"LUTN,ZEA,LYCPN,CRYPXB,CARTG,CARTA,CARTB,CARTOID"
134,"LUTN,ZEA,LYCPN,CRYPXB,CARTG,CARTA,CARTB,CARTOID"
135,"LUTN,ZEA,LYCPN,CRYPXB,CARTG,CARTA,CARTB,CARTOID"
136,"LUTN,ZEA,LYCPN,CRYPXB,CARTG,CARTA,CARTB,CARTOID"
137,"LUTN,ZEA,LYCPN,CRYPXB,CARTG,CARTA,CARTB,CARTOID"
138,"LUTN,ZEA,LYCPN,CRYPXB,CARTG,CARTA,CARTB,CARTOID"
139,"LUTN,ZEA,LYCPN,CRYPXB,CARTG,CARTA,CARTB,CARTOID"
140,"LUTN,ZEA,LYCPN,CRYPXB,CARTG,CARTA,CARTB,CARTOID"
141,"LUTN,ZEA,LYCPN,CRYPXB,CARTG,CARTA,CARTB,CARTOID"
142,"LUTN,ZEA,LYCPN,CRYPXB,CARTG,CARTA,CARTB,CARTOID"
143,"LUTN,ZEA,LYCPN,CRYPXB,CARTG,CARTA,CARTB,CARTOID"
144,"LUTN,ZEA,LYCPN,CRYPXB,CARTG,CARTA,CARTB,CARTOID"
145,"LUTN,ZEA,LYCPN,CRYPXB,CARTG,CARTA,CARTB,CARTOID"
146,"LUTN,ZEA,LYCPN,CRYPXB,CARTG,CARTA,CARTB,CARTOID"
147,"LUTN,ZEA,LYCPN,CRYPXB,CARTG,CARTA,CARTB,CARTOID"
151,"CEREALS,AND,MILLETS"
152,"CEREALS,AND,MILLETS"
153,"CA,FE,ZN,NA,K,P,MG"
154,"CA,FE,ZN,NA,K,P,MG"
155,"CA,FE,ZN,NA,K,P,MG"
156,"CA,FE,ZN,NA,K,P,MG"
157,"CA,FE,ZN,NA,K,P,MG"
158,"CA,FE,ZN,NA,K,P,MG"
159,"CA,FE,ZN,NA,K,P,MG"
160,"CA,FE,ZN,NA,K,P,MG"
161,"CA,FE,ZN,NA,K,P,MG"
162,"CA,FE,ZN,NA,K,P,MG"
163,"CA,FE,ZN,NA,K,P,MG"
164,"CA,FE,ZN,NA,K,P,MG"
165,"CA,FE,ZN,NA,K,P,MG"
166,"CA,FE,ZN,NA,K,P,MG"
167,"CA,FE,ZN,NA,K,P,MG"
168,"CA,FE,ZN,NA,K,P,MG"
169,"CA,FE,ZN,NA,K,P,MG"
170,"CA,FE,ZN,NA,K,P,MG"
171,"CA,FE,ZN,NA,K,P,MG"
172,"CA,FE,ZN,NA,K,P,MG"
173,"CA,FE,ZN,NA,K,P,MG"
174,"CA,FE,ZN,NA,K,P,MG"
175,"CA,FE,ZN,NA,K,P,MG"
176,"CA,FE,ZN,NA,K,P,MG"
177,"CA,FE,ZN,NA,K,P,MG"
178,"CA,FE,ZN,NA,K,P,MG"
179,"CA,FE,ZN,NA,K,P,MG"
180,"CA,FE,ZN,NA,K,P,MG"
181,"CA,FE,ZN,NA,K,P,MG"
182,"CA,FE,ZN,NA,K,P,MG"
183,"CA,FE,ZN,NA,K,P,MG"
184,"CA,FE,ZN,NA,K,P,MG"
185,"EGG,AND,EGG,PRODUCTS"
186,"EGG,AND,EGG,PRODUCTS"
187,"CA,FE,ZN,NA,K,P,MG"
188,"CA,FE,ZN,NA,K,P,MG"
189,"CA,FE,ZN,NA,K,P,MG"
190,"CA,FE,ZN,NA,K,P,MG"
191,"CA,FE,ZN,NA,K,P,MG"
192,"CA,FE,ZN,NA,K,P,MG"
193,"CA,FE,ZN,NA,K,P,MG"
194,"CA,FE,ZN,NA,K,P,MG"
195,"CA,FE,ZN,NA,K,P,MG"
196,"CA,FE,ZN,NA,K,P,MG"
197,"CA,FE,ZN,NA,K,P,MG"
199,"CA,FE,ZN,NA,K,P,MG"
200,"CA,FE,ZN,NA,K,P,MG"
201,"CA,FE,ZN,NA,K,P,MG"
202,"CA,FE,ZN,NA,K,P,MG"
203,"CA,FE,ZN,NA,K,P,MG"
204,"CA,FE,ZN,NA,K,P,MG"
205,"CA,FE,ZN,NA,K,P,MG"
206,"CA,FE,ZN,NA,K,P,MG"
209,"STARCH,FRUS,GLUS,SUCS,MALS"
210,"STARCH,FRUS,GLUS,SUCS,MALS"
211,"STARCH,FRUS,GLUS,SUCS,MALS"
212,"STARCH,FRUS,GLUS,SUCS,MALS"
213,"STARCH,FRUS,GLUS,SUCS,MALS"
214,"STARCH,FRUS,GLUS,SUCS,MALS"
215,"STARCH,FRUS,GLUS,SUCS,MALS"
216,"STARCH,FRUS,GLUS,SUCS,MALS"
217,"STARCH,FRUS,GLUS,SUCS,MALS"
218,"STARCH,FRUS,GLUS,SUCS,MALS"
219,"STARCH,FRUS,GLUS,SUCS,MALS"
220,"STARCH,FRUS,GLUS,SUCS,MALS"
221,"STARCH,FRUS,GLUS,SUCS,MALS"
222,"STARCH,FRUS,GLUS,SUCS,MALS"
223,"STARCH,FRUS,GLUS,SUCS,MALS"
224,"STARCH,FRUS,GLUS,SUCS,MALS"
227,"F10D0,F12D0,F14D0,F16D0,F18D0,F20D0,F22D0,F24D0,F14D1,F16D1C,F18D1CN9"
228,"F20D1N9F,F22D1N9,F24D1C,F18D2CN6,F20D2,F18D3N3,F20D4N6,FASAT,FAMS,FAPU"
229,"F10D0,F12D0,F14D0,F16D0,F18D0,F20D0,F22D0,F24D0,F14D1,F16D1C,F18D1CN9"
230,"F20D1N9F,F22D1N9,F24D1C,F18D2CN6,F20D2,F18D3N3,F20D4N6,FASAT,FAMS,FAPU"
231,"F10D0,F12D0,F14D0,F16D0,F18D0,F20D0,F22D0,F24D0,F14D1,F16D1C,F18D1CN9"
232,"F20D1N9F,F22D1N9,F24D1C,F18D2CN6,F20D2,F18D3N3,F20D4N6,FASAT,FAMS,FAPU"
233,"F10D0,F12D0,F14D0,F16D0,F18D0,F20D0,F22D0,F24D0,F14D1,F16D1C,F18D1CN9"
234,"F20D1N9F,F22D1N9,F24D1C,F18D2CN6,F20D2,F18D3N3,F20D4N6,FASAT,FAMS,FAPU"
235,"F10D0,F12D0,F14D0,F16D0,F18D0,F20D0,F22D0,F24D0,F14D1,F16D1C,F18D1CN9"
236,"F20D1N9F,F22D1N9,F24D1C,F18D2CN6,F20D2,F18D3N3,F20D4N6,FASAT,FAMS,FAPU"
237,"F10D0,F12D0,F14D0,F16D0,F18D0,F20D0,F22D0,F24D0,F14D1,F16D1C,F18D1CN9"
238,"F20D1N9F,F22D1N9,F24D1C,F18D2CN6,F20D2,F18D3N3,F20D4N6,FASAT,FAMS,FAPU"
239,"F10D0,F12D0,F14D0,F16D0,F18D0,F20D0,F22D0,F24D0,F14D1,F16D1C,F18D1CN9"
240,"F20D1N9F,F22D1N9,F24D1C,F18D2CN6,F20D2,F18D3N3,F20D4N6,FASAT,FAMS,FAPU"
241,"F10D0,F12D0,F14D0,F16D0,F18D0,F20D0,F22D0,F24D0,F14D1,F16D1C,F18D1CN9"
242,"F20D1N9F,F22D1N9,F24D1C,F18D2CN6,F20D2,F18D3N3,F20D4N6,FASAT,FAMS,FAPU"
243,"F10D0,F12D0,F14D0,F16D0,F18D0,F20D0,F22D0,F24D0,F14D1,F16D1C,F18D1CN9"
244,"F20D1N9F,F22D1N9,F24D1C,F18D2CN6,F20D2,F18D3N3,F20D4N6,FASAT,FAMS,FAPU"
245,"F10D0,F12D0,F14D0,F16D0,F18D0,F20D0,F22D0,F24D0,F14D1,F16D1C,F18D1CN9"
246,"F20D1N9F,F22D1N9,F24D1C,F18D2CN6,F20D2,F18D3N3,F20D4N6,FASAT,FAMS,FAPU"
247,"F10D0,F12D0,F14D0,F16D0,F18D0,F20D0,F22D0,F24D0,F14D1,F16D1C,F18D1CN9"
248,"F20D1N9F,F22D1N9,F24D1C,F18D2CN6,F20D2,F18D3N3,F20D4N6,FASAT,FAMS,FAPU"
249,"F10D0,F12D0,F14D0,F16D0,F18D0,F20D0,F22D0,F24D0,F14D1,F16D1C,F18D1CN9"
250,"F20D1N9F,F22D1N9,F24D1C,F18D2CN6,F20D2,F18D3N3,F20D4N6,FASAT,FAMS,FAPU"
251,"F10D0,F12D0,F14D0,F16D0,F18D0,F20D0,F22D0,F24D0,F14D1,F16D1C,F18D1CN9"
252,"F20D1N9F,F22D1N9,F24D1C,F18D2CN6,F20D2,F18D3N3,F20D4N6,FASAT,FAMS,FAPU"
253,"F10D0,F12D0,F14D0,F16D0,F18D0,F20D0,F22D0,F24D0,F14D1,F16D1C,F18D1CN9"
254,"F20D1N9F,F22D1N9,F24D1C,F18D2CN6,F20D2,F18D3N3,F20D4N6,FASAT,FAMS,FAPU"
255,"F10D0,F12D0,F14D0,F16D0,F18D0,F20D0,F22D0,F24D0,F14D1,F16D1C,F18D1CN9"
256,"F20D1N9F,F22D1N9,F24D1C,F18D2CN6,F20D2,F18D3N3,F20D4N6,FASAT,FAMS,FAPU"
257,"F10D0,F12D0,F14D0,F16D0,F18D0,F20D0,F22D0,F24D0,F14D1,F16D1C,F18D1CN9"
258,"F20D1N9F,F22D1N9,F24D1C,F18D2CN6,F20D2,F18D3N3,F20D4N6,FASAT,FAMS,FAPU"
259,"F10D0,F12D0,F14D0,F16D0,F18D0,F20D0,F22D0,F24D0,F14D1,F16D1C,F18D1CN9"
260,"F20D1N9F,F22D1N9,F24D1C,F18D2CN6,F20D2,F18D3N3,F20D4N6,FASAT,FAMS,FAPU"
261,"F4D0,F12D0,F14D0,F15D0,F16D0,F18D0,F20D0,F22D0,F24D0"
262,"F14D1,F16D1,F18D1,F20D1,F22D1,F24D1,F18D2CN6,F20D2,F18D3N3"
263,"F20D3N6,F20D4N6,F20D5N3,F22D6N3,FASAT,FAMS,FAPU"
264,"F4D0,F12D0,F14D0,F15D0,F16D0,F18D0,F20D0,F22D0,F24D0"
265,"F14D1,F16D1,F18D1,F20D1,F22D1,F24D1,F18D2CN6,F20D2,F18D3N3"
266,"F20D3N6,F20D4N6,F20D5N3,F22D6N3,FASAT,FAMS,FAPU"
267,"F4D0,F12D0,F14D0,F15D0,F16D0,F18D0,F20D0,F22D0,F24D0"
268,"F14D1,F16D1,F18D1,F20D1,F22D1,F24D1,F18D2CN6,F20D2,F18D3N3"
269,"F20D3N6,F20D4N6,F20D5N3,F22D6N3,FASAT,FAMS,FAPU"
270,"F4D0,F12D0,F14D0,F15D0,F16D0,F18D0,F20D0,F22D0,F24D0"
271,"F14D1,F16D1,F18D1,F20D1,F22D1,F24D1,F18D2CN6,F20D2,F18D3N3"
272,"F20D3N6,F20D4N6,F20D5N3,F22D6N3,FASAT,FAMS,FAPU"
273,"F4D0,F12D0,F14D0,F15D0,F16D0,F18D0,F20D0,F22D0,F24D0"
274,"F14D1,F16D1,F18D1,F20D1,F22D1,F24D1,F18D2CN6,F20D2,F18D3N3"
275,"F20D3N6,F20D4N6,F20D5N3,F22D6N3,FASAT,FAMS,FAPU"
276,"F12D0,F14D0,F15D0,F16D0,F18D0,F20D0,F22D0,F24D0,F16D1C"
277,"F18D1CN9,F20D1N9,F22D1N9,F24D1C,F18D2CN6,F20D2,F22D2,F18D3N3,F20D3N6"
278,"F20D4N6,F20D5N3,F22D5N3,F22D6N3,FASAT,FAMS,FAPU,CHOLC"
279,"F12D0,F14D0,F15D0,F16D0,F18D0,F20D0,F22D0,F24D0,F16D1C"
280,"F18D1CN9,F20D1N9,F22D1N9,F24D1C,F18D2CN6,F20D2,F22D2,F18D3N3,F20D3N6"
281,"F20D4N6,F20D5N3,F22D5N3,F22D6N3,FASAT,FAMS,FAPU,CHOLC"
282,"F12D0,F14D0,F15D0,F16D0,F18D0,F20D0,F22D0,F24D0,F16D1C"
283,"F18D1CN9,F20D1N9,F22D1N9,F24D1C,F18D2CN6,F20D2,F22D2,F18D3N3,F20D3N6"
284,"F20D4N6,F20D5N3,F22D5N3,F22D6N3,FASAT,FAMS,FAPU,CHOLC"
285,"F12D0,F14D0,F15D0,F16D0,F18D0,F20D0,F22D0,F24D0,F16D1C"
286,"F18D1CN9,F20D1N9,F22D1N9,F24D1C,F18D2CN6,F20D2,F22D2,F18D3N3,F20D3N6"
287,"F20D4N6,F20D5N3,F22D5N3,F22D6N3,FASAT,FAMS,FAPU,CHOLC"
288,"F12D0,F14D0,F15D0,F16D0,F18D0,F20D0,F22D0,F24D0,F16D1C"
289,"F18D1CN9,F20D1N9,F22D1N9,F24D1C,F18D2CN6,F20D2,F22D2,F18D3N3,F20D3N6"
290,"F20D4N6,F20D5N3,F22D5N3,F22D6N3,FASAT,FAMS,FAPU,CHOLC"
291,"F12D0,F14D0,F15D0,F16D0,F18D0,F20D0,F22D0,F24D0,F16D1C"
292,"F18D1CN9,F20D1N9,F22D1N9,F24D1C,F18D2CN6,F20D2,F22D2,F18D3N3,F20D3N6"
293,"F20D4N6,F20D5N3,F22D5N3,F22D6N3,FASAT,FAMS,FAPU,CHOLC"
296,"HIS,ILE,LEU,LYS,MET,CYS,PHE,THR,TRP,VAL"
297,"ALA,ARG,ASP,GLU,GLY,PRO,SER,TYR"
298,"HIS,ILE,LEU,LYS,MET,CYS,PHE,THR,TRP,VAL"
299,"ALA,ARG,ASP,GLU,GLY,PRO,SER,TYR"
300,"HIS,ILE,LEU,LYS,MET,CYS,PHE,THR,TRP,VAL"
301,"ALA,ARG,ASP,GLU,GLY,PRO,SER,TYR"
302,"HIS,ILE,LEU,LYS,MET,CYS,PHE,THR,TRP,VAL"
303,"ALA,ARG,ASP,GLU,GLY,PRO,SER,TYR"
304,"HIS,ILE,LEU,LYS,MET,CYS,PHE,THR,TRP,VAL"
305,"ALA,ARG,ASP,GLU,GLY,PRO,SER,TYR"
306,"HIS,ILE,LEU,LYS,MET,CYS,PHE,THR,TRP,VAL"
307,"ALA,ARG,ASP,GLU,GLY,PRO,SER,TYR"
308,"HIS,ILE,LEU,LYS,MET,CYS,PHE,THR,TRP,VAL"
309,"ALA,ARG,ASP,GLU,GLY,PRO,SER,TYR"
310,"HIS,ILE,LEU,LYS,MET,CYS,PHE,THR,TRP,VAL"
311,"ALA,ARG,ASP,GLU,GLY,PRO,SER,TYR"
312,"HIS,ILE,LEU,LYS,MET,CYS,PHE,THR,TRP,VAL"
313,"ALA,ARG,ASP,GLU,GLY,PRO,SER,TYR"
314,"HIS,ILE,LEU,LYS,MET,CYS,PHE,THR,TRP,VAL"
315,"ALA,ARG,ASP,GLU,GLY,PRO,SER,TYR"
316,"HIS,ILE,LEU,LYS,MET,CYS,PHE,THR,TRP,VAL"
317,"ALA,ARG,ASP,GLU,GLY,PRO,SER,TYR"
318,"HIS,ILE,LEU,LYS,MET,CYS,PHE,THR,TRP,VAL"
319,"ALA,ARG,ASP,GLU,GLY,PRO,SER,TYR"
320,"HIS,ILE,LEU,LYS,MET,CYS,PHE,THR,TRP,VAL"
321,"ALA,ARG,ASP,GLU,GLY,PRO,SER,TYR"
322,"HIS,ILE,LEU,LYS,MET,CYS,PHE,THR,TRP,VAL"
323,"ALA,ARG,ASP,GLU,GLY,PRO,SER,TYR"
324,"HIS,ILE,LEU,LYS,MET,CYS,PHE,THR,TRP,VAL"
325,"ALA,ARG,ASP,GLU,GLY,PRO,SER,TYR"
326,"HIS,ILE,LEU,LYS,MET,CYS,PHE,THR,TRP,VAL"
327,"ALA,ARG,ASP,GLU,GLY,PRO,SER,TYR"
328,"HIS,ILE,LEU,LYS,MET,CYS,PHE,THR,TRP,VAL"
329,"ALA,ARG,ASP,GLU,GLY,PRO,SER,TYR"
330,"HIS,ILE,LEU,LYS,MET,CYS,PHE,THR,TRP,VAL"
331,"ALA,ARG,ASP,GLU,GLY,PRO,SER,TYR"
332,"HIS,ILE,LEU,LYS,MET,CYS,PHE,THR,TRP,VAL"
333,"ALA,ARG,ASP,GLU,GLY,PRO,SER,TYR"
334,"HIS,ILE,LEU,LYS,MET,CYS,PHE,THR,TRP,VAL"
335,"ALA,ARG,ASP,GLU,GLY,PRO,SER,TYR"
336,"HIS,ILE,LEU,LYS,MET,CYS,PHE,THR,TRP,VAL"
337,"ALA,ARG,ASP,GLU,GLY,PRO,SER,TYR"
338,"HIS,ILE,LEU,LYS,MET,CYS,PHE,THR,TRP,VAL"
339,"ALA,ARG,ASN,GLU,GLY,PRO,SER,TYR"
340,"HIS,ILE,LEU,LYS,MET,CYS,PHE,THR,TRP,VAL"
341,"ALA,ARG,ASN,GLU,GLY,PRO,SER,TYR"
342,"HIS,ILE,LEU,LYS,MET,CYS,PHE,THR,TRP,VAL"
343,"ALA,ARG,ASN,GLU,GLY,PRO,SER,TYR"
344,"HIS,ILE,LEU,LYS,MET,CYS,PHE,THR,TRP,VAL"
345,"ALA,ARG,ASN,GLU,GLY,PRO,SER,TYR"
346,"HIS,ILE,LEU,LYS,MET,CYS,PHE,THR,TRP,VAL"
347,"ALA,ARG,ASN,GLU,GLY,PRO,SER,TYR"
348,"HIS,ILE,LEU,LYS,MET,CYS,PHE,THR,TRP,VAL"
349,"ALA,ARG,ASN,GLU,GLY,PRO,SER,TYR"
352,"CITAC,FUMAC,MALAC,SUCAC,TARAC"
353,"CITAC,FUMAC,MALAC,SUCAC,TARAC"
354,"CITAC,FUMAC,MALAC,SUCAC,TARAC"
355,"CITAC,FUMAC,MALAC,SUCAC,TARAC"
356,"CITAC,FUMAC,MALAC,SUCAC,TARAC"
357,"CITAC,FUMAC,MALAC,SUCAC,TARAC"
358,"CITAC,FUMAC,MALAC,SUCAC,TARAC"
359,"CITAC,FUMAC,MALAC,SUCAC,TARAC"
360,"CITAC,FUMAC,MALAC,SUCAC,TARAC"
361,"CITAC,FUMAC,MALAC,SUCAC,TARAC"
362,"CITAC,FUMAC,MALAC,SUCAC,TARAC"
363,"CITAC,FUMAC,MALAC,SUCAC,TARAC"
364,"CITAC,FUMAC,MALAC,SUCAC,TARAC"
365,"CITAC,FUMAC,MALAC,SUCAC,TARAC"
366,"CITAC,FUMAC,MALAC,SUCAC,TARAC"
367,"CITAC,FUMAC,MALAC,SUCAC,TARAC"
368,"CITAC,FUMAC,MALAC,SUCAC,TARAC"
373,"CHLRAC,FERAC,APIGEN,LUTEOL,KAEMF,QUERCE"
374,"HESPT,HESPD,DAIDZN,GNSTEIN,EPICATEC"
377,"CHLRAC,FERAC,APIGEN,LUTEOL,KAEMF,QUERCE"
378,"HESPT,HESPD,DAIDZN,GNSTEIN,EPICATEC"
381,"CHLRAC,FERAC,APIGEN,LUTEOL,KAEMF,QUERCE"
382,"HESPT,HESPD,DAIDZN,GNSTEIN,EPICATEC"
385,"CHLRAC,FERAC,APIGEN,LUTEOL,KAEMF,QUERCE"
386,"HESPT,HESPD,DAIDZN,GNSTEIN,EPICATEC"
389,"CHLRAC,FERAC,APIGEN,LUTEOL,KAEMF,QUERCE"
390,"HESPT,HESPD,DAIDZN,GNSTEIN,EPICATEC"
393,"CHLRAC,FERAC,APIGEN,LUTEOL,KAEMF,QUERCE"
394,"HESPT,HESPD,DAIDZN,GNSTEIN,EPICATEC"
397,"CHLRAC,FERAC,APIGEN,LUTEOL,KAEMF,QUERCE"
398,"HESPT,HESPD,DAIDZN,GNSTEIN,EPICATEC"
401,"CHLRAC,FERAC,APIGEN,LUTEOL,KAEMF,QUERCE"
402,"HESPT,HESPD,DAIDZN,GNSTEIN,EPICATEC"
405,"CHLRAC,FERAC,APIGEN,LUTEOL,KAEMF,QUERCE"
406,"HESPT,HESPD,DAIDZN,GNSTEIN,EPICATEC"
409,"CHLRAC,FERAC,APIGEN,LUTEOL,KAEMF,QUERCE"
410,"HESPT,HESPD,DAIDZN,GNSTEIN,EPICATEC"
413,"CHLRAC,FERAC,APIGEN,LUTEOL,KAEMF,QUERCE"
414,"HESPT,HESPD,DAIDZN,GNSTEIN,EPICATEC"
417,"CHLRAC,FERAC,APIGEN,LUTEOL,KAEMF,QUERCE"
418,"HESPT,HESPD,DAIDZN,GNSTEIN,EPICATEC"
421,"CHLRAC,FERAC,APIGEN,LUTEOL,KAEMF,QUERCE"
422,"HESPT,HESPD,DAIDZN,GNSTEIN,EPICATEC"
425,"CHLRAC,FERAC,APIGEN,LUTEOL,KAEMF,QUERCE"
426,"HESPT,HESPD,DAIDZN,GNSTEIN,EPICATEC"
429,"CHLRAC,FERAC,APIGEN,LUTEOL,KAEMF,QUERCE"
430,"HESPT,HESPD,DAIDZN,GNSTEIN,EPICATEC"
433,"CHLRAC,FERAC,APIGEN,LUTEOL,KAEMF,QUERCE"
434,"HESPT,HESPD,DAIDZN,GNSTEIN,EPICATEC"
437,"CHLRAC,FERAC,APIGEN,LUTEOL,KAEMF,QUERCE"
438,"HESPT,HESPD,DAIDZN,GNSTEIN,EPICATEC"
442,"RAFS,STAS,VERS,CAMT,STGSTR,PHYTAC"
443,"RAFS,STAS,VERS,CAMT,STGSTR,PHYTAC"
444,"RAFS,STAS,VERS,CAMT,STGSTR,PHYTAC"
445,"RAFS,STAS,VERS,CAMT,STGSTR,PHYTAC"
446,"RAFS,STAS,VERS,CAMT,STGSTR,PHYTAC"
447,"RAFS,STAS,VERS,CAMT,STGSTR,PHYTAC"
448,"RAFS,STAS,VERS,CAMT,STGSTR,PHYTAC"
449,"RAFS,STAS,VERS,CAMT,STGSTR,PHYTAC"
450,"RAFS,STAS,VERS,CAMT,STGSTR,PHYTAC"
451,"RAFS,STAS,VERS,CAMT,STGSTR,PHYTAC"
452,"RAFS,STAS,VERS,CAMT,STGSTR,PHYTAC"
453,"RAFS,STAS,VERS,CAMT,STGSTR,PHYTAC"
454,"RAFS,STAS,VERS,CAMT,STGSTR,PHYTAC"
455,"RAFS,STAS,VERS,CAMT,STGSTR,PHYTAC"
456,"RAFS,STAS,VERS,CAMT,STGSTR,PHYTAC"
457,"RAFS,STAS,VERS,CAMT,STGSTR,PHYTAC"
458,"RAFS,STAS,VERS,CAMT,STGSTR,PHYTAC"
459,"RAFS,STAS,VERS,CAMT,STGSTR,PHYTAC"
462,"F4D0,F6D0,F8D0,F10D0,F12D0,F14D0,F16D0,F18D0,F20D0,F22D0,F24D0"
463,"F14D1,F16D1C,F18D1TN9,F18D1CN9,F20D1N9F,F22D1N9,F18D2CN6,F18D3N3,FASAT,FAMS,FAPU"
